{"cameraMode":{"drawMode":0,"name":"Shaded","section":"Shading Mode"},"sceneLighting":false,"audioPlay":false,"sceneViewState":{"m_AlwaysRefresh":false,"showFog":true,"showSkybox":false,"showFlares":true,"showImageEffects":true,"showParticleSystems":true,"showVisualEffectGraphs":true,"m_FxEnabled":true},"in2DMode":false,"pivot":{"x":-18.410982131958009,"y":2.073119640350342,"z":-0.993050217628479},"rotation":{"x":0.01647590845823288,"y":0.0524715781211853,"z":-0.0009002021397463977,"w":0.9985265135765076},"size":1.970312476158142,"orthographic":true}