{"cameraMode":{"drawMode":0,"name":"Shaded","section":"Shading Mode"},"sceneLighting":false,"audioPlay":false,"sceneViewState":{"m_AlwaysRefresh":false,"showFog":true,"showSkybox":false,"showFlares":true,"showImageEffects":true,"showParticleSystems":true,"showVisualEffectGraphs":true,"m_FxEnabled":true},"in2DMode":false,"pivot":{"x":-4.6020002365112309,"y":1.500500202178955,"z":1.2452993392944337},"rotation":{"x":0.020089443773031236,"y":0.9739643931388855,"z":-0.09526095539331436,"w":0.2051660269498825},"size":2.1240270137786867,"orthographic":true}